scenario_id,experiment,dgp,n,blocks,effect,dispersion,zero_probability,note
A_count_0001,A_count,poisson,16,4,0,0.5,0,
A_count_0002,A_count,poisson,16,4,0,1.5,0,
A_count_0003,A_count,poisson,16,4,0.35,0.5,0,
A_count_0004,A_count,poisson,16,4,0.35,1.5,0,
A_count_0005,A_count,poisson,32,8,0,0.5,0,
A_count_0006,A_count,poisson,32,8,0,1.5,0,
A_count_0007,A_count,poisson,32,8,0.35,0.5,0,
A_count_0008,A_count,poisson,32,8,0.35,1.5,0,
A_count_0009,A_count,nb1,16,4,0,0.5,0,
A_count_0010,A_count,nb1,16,4,0,1.5,0,
A_count_0011,A_count,nb1,16,4,0.35,0.5,0,
A_count_0012,A_count,nb1,16,4,0.35,1.5,0,
A_count_0013,A_count,nb1,32,8,0,0.5,0,
A_count_0014,A_count,nb1,32,8,0,1.5,0,
A_count_0015,A_count,nb1,32,8,0.35,0.5,0,
A_count_0016,A_count,nb1,32,8,0.35,1.5,0,
A_count_0017,A_count,nb2,16,4,0,0.5,0,
A_count_0018,A_count,nb2,16,4,0,1.5,0,
A_count_0019,A_count,nb2,16,4,0.35,0.5,0,
A_count_0020,A_count,nb2,16,4,0.35,1.5,0,
A_count_0021,A_count,nb2,32,8,0,0.5,0,
A_count_0022,A_count,nb2,32,8,0,1.5,0,
A_count_0023,A_count,nb2,32,8,0.35,0.5,0,
A_count_0024,A_count,nb2,32,8,0.35,1.5,0,
A_count_0025,A_count,zip,16,4,0,0.5,0,
A_count_0026,A_count,zip,16,4,0,0.5,0.25,
A_count_0027,A_count,zip,16,4,0,1.5,0,
A_count_0028,A_count,zip,16,4,0,1.5,0.25,
A_count_0029,A_count,zip,16,4,0.35,0.5,0,
A_count_0030,A_count,zip,16,4,0.35,0.5,0.25,
A_count_0031,A_count,zip,16,4,0.35,1.5,0,
A_count_0032,A_count,zip,16,4,0.35,1.5,0.25,
A_count_0033,A_count,zip,32,8,0,0.5,0,
A_count_0034,A_count,zip,32,8,0,0.5,0.25,
A_count_0035,A_count,zip,32,8,0,1.5,0,
A_count_0036,A_count,zip,32,8,0,1.5,0.25,
A_count_0037,A_count,zip,32,8,0.35,0.5,0,
A_count_0038,A_count,zip,32,8,0.35,0.5,0.25,
A_count_0039,A_count,zip,32,8,0.35,1.5,0,
A_count_0040,A_count,zip,32,8,0.35,1.5,0.25,
A_count_0041,A_count,zinb2,16,4,0,0.5,0,
A_count_0042,A_count,zinb2,16,4,0,0.5,0.25,
A_count_0043,A_count,zinb2,16,4,0,1.5,0,
A_count_0044,A_count,zinb2,16,4,0,1.5,0.25,
A_count_0045,A_count,zinb2,16,4,0.35,0.5,0,
A_count_0046,A_count,zinb2,16,4,0.35,0.5,0.25,
A_count_0047,A_count,zinb2,16,4,0.35,1.5,0,
A_count_0048,A_count,zinb2,16,4,0.35,1.5,0.25,
A_count_0049,A_count,zinb2,32,8,0,0.5,0,
A_count_0050,A_count,zinb2,32,8,0,0.5,0.25,
A_count_0051,A_count,zinb2,32,8,0,1.5,0,
A_count_0052,A_count,zinb2,32,8,0,1.5,0.25,
A_count_0053,A_count,zinb2,32,8,0.35,0.5,0,
A_count_0054,A_count,zinb2,32,8,0.35,0.5,0.25,
A_count_0055,A_count,zinb2,32,8,0.35,1.5,0,
A_count_0056,A_count,zinb2,32,8,0.35,1.5,0.25,
A_count_0057,A_count,hurdle_nb2,16,4,0,0.5,0,
A_count_0058,A_count,hurdle_nb2,16,4,0,0.5,0.25,
A_count_0059,A_count,hurdle_nb2,16,4,0,1.5,0,
A_count_0060,A_count,hurdle_nb2,16,4,0,1.5,0.25,
A_count_0061,A_count,hurdle_nb2,16,4,0.35,0.5,0,
A_count_0062,A_count,hurdle_nb2,16,4,0.35,0.5,0.25,
A_count_0063,A_count,hurdle_nb2,16,4,0.35,1.5,0,
A_count_0064,A_count,hurdle_nb2,16,4,0.35,1.5,0.25,
A_count_0065,A_count,hurdle_nb2,32,8,0,0.5,0,
A_count_0066,A_count,hurdle_nb2,32,8,0,0.5,0.25,
A_count_0067,A_count,hurdle_nb2,32,8,0,1.5,0,
A_count_0068,A_count,hurdle_nb2,32,8,0,1.5,0.25,
A_count_0069,A_count,hurdle_nb2,32,8,0.35,0.5,0,
A_count_0070,A_count,hurdle_nb2,32,8,0.35,0.5,0.25,
A_count_0071,A_count,hurdle_nb2,32,8,0.35,1.5,0,
A_count_0072,A_count,hurdle_nb2,32,8,0.35,1.5,0.25,
B_prop_0001,B_prop,binomial,16,4,0,0.08,,
B_prop_0002,B_prop,binomial,16,4,0.5,0.08,,
B_prop_0003,B_prop,binomial,32,8,0,0.08,,
B_prop_0004,B_prop,binomial,32,8,0.5,0.08,,
B_prop_0005,B_prop,betabinomial,16,4,0,0.08,,
B_prop_0006,B_prop,betabinomial,16,4,0.5,0.08,,
B_prop_0007,B_prop,betabinomial,32,8,0,0.08,,
B_prop_0008,B_prop,betabinomial,32,8,0.5,0.08,,
B_prop_0009,B_prop,beta_open,16,4,0,0.08,,
B_prop_0010,B_prop,beta_open,16,4,0.5,0.08,,
B_prop_0011,B_prop,beta_open,32,8,0,0.08,,
B_prop_0012,B_prop,beta_open,32,8,0.5,0.08,,
B_prop_0013,B_prop,closed_proportion,16,4,0,0.08,,
B_prop_0014,B_prop,closed_proportion,16,4,0.5,0.08,,
B_prop_0015,B_prop,closed_proportion,32,8,0,0.08,,
B_prop_0016,B_prop,closed_proportion,32,8,0.5,0.08,,
C_positive_0001,C_positive,gaussian,24,,0,low|high,,
C_positive_0002,C_positive,gaussian,24,,0.3,low|high,,
C_positive_0003,C_positive,gaussian,64,,0,low|high,,
C_positive_0004,C_positive,gaussian,64,,0.3,low|high,,
C_positive_0005,C_positive,gaussian,120,,0,low|high,,
C_positive_0006,C_positive,gaussian,120,,0.3,low|high,,
C_positive_0007,C_positive,gamma,24,,0,low|high,,
C_positive_0008,C_positive,gamma,24,,0.3,low|high,,
C_positive_0009,C_positive,gamma,64,,0,low|high,,
C_positive_0010,C_positive,gamma,64,,0.3,low|high,,
C_positive_0011,C_positive,gamma,120,,0,low|high,,
C_positive_0012,C_positive,gamma,120,,0.3,low|high,,
C_positive_0013,C_positive,lognormal,24,,0,low|high,,
C_positive_0014,C_positive,lognormal,24,,0.3,low|high,,
C_positive_0015,C_positive,lognormal,64,,0,low|high,,
C_positive_0016,C_positive,lognormal,64,,0.3,low|high,,
C_positive_0017,C_positive,lognormal,120,,0,low|high,,
C_positive_0018,C_positive,lognormal,120,,0.3,low|high,,
C_positive_0019,C_positive,inverse_gaussian,24,,0,low|high,,
C_positive_0020,C_positive,inverse_gaussian,24,,0.3,low|high,,
C_positive_0021,C_positive,inverse_gaussian,64,,0,low|high,,
C_positive_0022,C_positive,inverse_gaussian,64,,0.3,low|high,,
C_positive_0023,C_positive,inverse_gaussian,120,,0,low|high,,
C_positive_0024,C_positive,inverse_gaussian,120,,0.3,low|high,,
D_gamlss_0001,D_gamlss,normal_mu_sigma,80,,0.4,0,,
D_gamlss_0002,D_gamlss,normal_mu_sigma,200,,0.4,0,,
D_gamlss_0003,D_gamlss,normal_mu_sigma,80,,0.4,0.4,,
D_gamlss_0004,D_gamlss,normal_mu_sigma,200,,0.4,0.4,,
D_gamlss_0005,D_gamlss,normal_mu_sigma,80,,0.4,0.8,,
D_gamlss_0006,D_gamlss,normal_mu_sigma,200,,0.4,0.8,,
E_design_0001,E_design,rcbd,32,4,0,,,correct_vs_misspecified
E_design_0002,E_design,rcbd,32,4,0.4,,,correct_vs_misspecified
E_design_0003,E_design,split_plot,96,4,0,,,correct_vs_misspecified
E_design_0004,E_design,split_plot,96,4,0.4,,,correct_vs_misspecified
E_design_0005,E_design,split_split,96,4,0,,,correct_vs_misspecified
E_design_0006,E_design,split_split,96,4,0.4,,,correct_vs_misspecified
E_design_0007,E_design,strip_plot,96,4,0,,,correct_vs_misspecified
E_design_0008,E_design,strip_plot,96,4,0.4,,,correct_vs_misspecified
E_design_0009,E_design,repeated,96,4,0,,,correct_vs_misspecified
E_design_0010,E_design,repeated,96,4,0.4,,,correct_vs_misspecified
E_design_0011,E_design,multi_environment,96,4,0,,,correct_vs_misspecified
E_design_0012,E_design,multi_environment,96,4,0.4,,,correct_vs_misspecified
F_regression_0001,F_regression,linear,30,,0.5,,,
F_regression_0002,F_regression,linear,90,,0.5,,,
F_regression_0003,F_regression,quadratic,30,,0.5,,,
F_regression_0004,F_regression,quadratic,90,,0.5,,,
F_regression_0005,F_regression,mitscherlich,30,,0.5,,,
F_regression_0006,F_regression,mitscherlich,90,,0.5,,,
F_regression_0007,F_regression,linear_plateau,30,,0.5,,,
F_regression_0008,F_regression,linear_plateau,90,,0.5,,,
F_regression_0009,F_regression,logistic,30,,0.5,,,
F_regression_0010,F_regression,logistic,90,,0.5,,,
F_regression_0011,F_regression,gompertz,30,,0.5,,,
F_regression_0012,F_regression,gompertz,90,,0.5,,,
G_multiplicity_0001,G_multiplicity,poisson,32,8,0.35,4,,Tukey_Dunnett_Holm
G_multiplicity_0002,G_multiplicity,poisson,64,8,0.35,8,,Tukey_Dunnett_Holm
G_multiplicity_0003,G_multiplicity,nb2,32,8,0.35,4,,Tukey_Dunnett_Holm
G_multiplicity_0004,G_multiplicity,nb2,64,8,0.35,8,,Tukey_Dunnett_Holm
G_multiplicity_0005,G_multiplicity,binomial,32,8,0.35,4,,Tukey_Dunnett_Holm
G_multiplicity_0006,G_multiplicity,binomial,64,8,0.35,8,,Tukey_Dunnett_Holm
G_multiplicity_0007,G_multiplicity,gamma,32,8,0.35,4,,Tukey_Dunnett_Holm
G_multiplicity_0008,G_multiplicity,gamma,64,8,0.35,8,,Tukey_Dunnett_Holm
H_diagnostics_0001,H_diagnostics,overdispersion,40,8,0.35,,,
H_diagnostics_0002,H_diagnostics,overdispersion,120,8,0.35,,,
H_diagnostics_0003,H_diagnostics,underdispersion,40,8,0.35,,,
H_diagnostics_0004,H_diagnostics,underdispersion,120,8,0.35,,,
H_diagnostics_0005,H_diagnostics,zero_inflation,40,8,0.35,,,
H_diagnostics_0006,H_diagnostics,zero_inflation,120,8,0.35,,,
H_diagnostics_0007,H_diagnostics,omitted_random,40,8,0.35,,,
H_diagnostics_0008,H_diagnostics,omitted_random,120,8,0.35,,,
H_diagnostics_0009,H_diagnostics,wrong_family,40,8,0.35,,,
H_diagnostics_0010,H_diagnostics,wrong_family,120,8,0.35,,,
H_diagnostics_0011,H_diagnostics,ar1,40,8,0.35,,,
H_diagnostics_0012,H_diagnostics,ar1,120,8,0.35,,,
H_diagnostics_0013,H_diagnostics,outlier,40,8,0.35,,,
H_diagnostics_0014,H_diagnostics,outlier,120,8,0.35,,,
I_ordinal_0001,I_ordinal,proportional_odds,120,,0.5,,,
I_ordinal_0002,I_ordinal,proportional_odds,400,,0.5,,,
I_ordinal_0003,I_ordinal,partial_proportional,120,,0.5,,,
I_ordinal_0004,I_ordinal,partial_proportional,400,,0.5,,,
I_ordinal_0005,I_ordinal,nonproportional,120,,0.5,,,
I_ordinal_0006,I_ordinal,nonproportional,400,,0.5,,,
I_ordinal_0007,I_ordinal,continuation,120,,0.5,,,
I_ordinal_0008,I_ordinal,continuation,400,,0.5,,,
J_multinomial_0001,J_multinomial,3_categories,150,,0.4,,,
J_multinomial_0002,J_multinomial,3_categories,500,,0.4,,,
J_multinomial_0003,J_multinomial,4_categories,150,,0.4,,,
J_multinomial_0004,J_multinomial,4_categories,500,,0.4,,,
J_multinomial_0005,J_multinomial,5_categories,150,,0.4,,,
J_multinomial_0006,J_multinomial,5_categories,500,,0.4,,,
K_composition_0001,K_composition,dirichlet,120,,0.4,10,,
K_composition_0002,K_composition,dirichlet,400,,0.4,10,,
K_composition_0003,K_composition,dirichlet_multinomial,120,,0.4,10,,
K_composition_0004,K_composition,dirichlet_multinomial,400,,0.4,10,,
L_backends_0001,L_backends,NB_VGAM_vs_glmmTMB,100,,0.35,1,0.2,parameterization_harmonization_required
L_backends_0002,L_backends,NB_VGAM_vs_glmmTMB,300,,0.35,1,0.2,parameterization_harmonization_required
L_backends_0003,L_backends,betabinomial_VGAM_vs_glmmTMB,100,,0.35,1,0.2,parameterization_harmonization_required
L_backends_0004,L_backends,betabinomial_VGAM_vs_glmmTMB,300,,0.35,1,0.2,parameterization_harmonization_required
L_backends_0005,L_backends,ZINB_VGAM_vs_glmmTMB,100,,0.35,1,0.2,parameterization_harmonization_required
L_backends_0006,L_backends,ZINB_VGAM_vs_glmmTMB,300,,0.35,1,0.2,parameterization_harmonization_required
